{"loss": [0.8008860725607541, 0.785316579077116, 0.7703968718379258, 0.7547589186429927, 0.7397112304614899, 0.7250842792949652, 0.7117601323038303, 0.692926966896777, 0.6792904551938778, 0.6658007176059912, 0.6508825187750612, 0.6363417925071685, 0.6212027158674487, 0.6027758899878466, 0.5907122275776779, 0.5751169179070897, 0.5592734182701443, 0.5440525984694389, 0.5301010417753501, 0.5168892910815974, 0.5008689898294971, 0.48687017190035137, 0.46923803424399385, 0.45657196358339386, 0.4415395139133722, 0.42660701906655546, 0.41007609717739857, 0.39400199393663704, 0.3796052612239995, 0.3641394582259454, 0.34996661167073057, 0.3348343605091658, 0.3204293305175801, 0.3043670902474026, 0.2892711847423401, 0.2753935575028993, 0.2608898988020792, 0.2438613590141445, 0.22783283774893254, 0.2151794596024424, 0.19875534516726423, 0.18186250885264665, 0.16968308009120175, 0.15436746493036044, 0.1418013952537159, 0.12458128433669984, 0.11029574236859281, 0.09582053866568593, 0.07885358676042584, 0.0641397158062516], "val_loss": [0.8486011948630384, 0.8385822482760531, 0.82372994032063, 0.8147740807242184, 0.8048425658580256, 0.7886785332114963, 0.776559320607532, 0.7678751562788283, 0.7528810210913585, 0.7455515048850944, 0.7323415342011805, 0.7158481159914004, 0.7051737214345989, 0.6947006698195836, 0.6791682682896348, 0.6695068185454696, 0.6587506103416771, 0.6444611725456459, 0.6346294963343253, 0.6236740913241878, 0.6100231752368794, 0.5966280619331573, 0.5866874872032636, 0.5713950152740292, 0.5647750305913032, 0.5510278513727048, 0.5361121144543077, 0.529675801003698, 0.5160508526550575, 0.4998569263627457, 0.48828720963748656, 0.48001535391367267, 0.4634971760471102, 0.4534212483790435, 0.4422994985402058, 0.43026306415901777, 0.4182244513681668, 0.40459304250895073, 0.3932887152756957, 0.3770752712216086, 0.3673962328797578, 0.35771048616407847, 0.3481316101258643, 0.3372450668418843, 0.32293218633169785, 0.3129625808639307, 0.3023515961372531, 0.2835771476433169, 0.27580201554156414, 0.264270179844742], "accuracy": [0.30409671509084796, 0.31193222016639954, 0.3230932048337834, 0.3303606562422658, 0.3447972806966176, 0.3621021021418522, 0.36763095927492384, 0.39030053987503566, 0.3858579389370409, 0.4057743016571331, 0.41859927778298933, 0.43719886648208944, 0.44902442496420497, 0.45238283897358134, 0.459081495787568, 0.4789112372041963, 0.4946338242360961, 0.5065946061164556, 0.5140304259918005, 0.5385582976337168, 0.5349169455096807, 0.5535184418828973, 0.5738090095989455, 0.5806520675942165, 0.590706078853765, 0.6035558656768558, 0.6028866173242556, 0.6260357111789935, 0.638305356843757, 0.6477996042547897, 0.6527903452523064, 0.6702805380404977, 0.6819803667420377, 0.6907209963888687, 0.7114334244280758, 0.7196695038974479, 0.7352133903240735, 0.7457165447708911, 0.7633385331904492, 0.7678177652148687, 0.7883322801366867, 0.788452960932954, 0.8151675602072245, 0.8080964631623593, 0.8294224460524616, 0.8446534223840196, 0.8481139088694736, 0.8574208057105057, 0.8711069062489235, 0.8882086474084668], "val_accuracy": [0.24858725699738532, 0.2532317840162856, 0.2635472862776031, 0.2805849593297776, 0.2808356393351388, 0.2985439522625293, 0.31549698256814884, 0.31906830065610425, 0.32713645409495723, 0.3292037644870594, 0.3460181369720654, 0.35891569868109297, 0.3684853210546237, 0.37824163903349856, 0.38051442310969147, 0.4076712610374733, 0.40086540213581456, 0.42454327831427635, 0.43433835868263426, 0.44341483748916527, 0.44328830930565005, 0.46185205428755033, 0.45592814287199324, 0.47432820408494253, 0.48549945537230366, 0.5079970950799002, 0.5177945937455406, 0.513003076013629, 0.5427783247874234, 0.545744377945656, 0.5536160010329242, 0.563601234595769, 0.5635579826449277, 0.5829757784776483, 0.5571204080224792, 0.5960326300045194, 0.6148531333146551, 0.6414636555768194, 0.6226569672487475, 0.636864492196791, 0.655552085954417, 0.6695610503039119, 0.6700784940665486, 0.6835258008120516, 0.6751897289997094, 0.7135938193683172, 0.7220001038538892, 0.7280698658941556, 0.7419632906448143, 0.7350066104743208]}